{"cameraMode":{"drawMode":0,"name":"Shaded","section":"Shading Mode"},"sceneLighting":false,"audioPlay":false,"sceneViewState":{"m_AlwaysRefresh":false,"showFog":true,"showSkybox":false,"showFlares":true,"showImageEffects":true,"showParticleSystems":true,"showVisualEffectGraphs":true,"m_FxEnabled":true},"in2DMode":false,"pivot":{"x":17.371999740600587,"y":2.889601707458496,"z":-2.1881470680236818},"rotation":{"x":-0.0031771932262927295,"y":0.7081595063209534,"z":0.003186739981174469,"w":0.706038236618042},"size":3.7267203330993654,"orthographic":false}