{"cameraMode":{"drawMode":0,"name":"Shaded","section":"Shading Mode"},"sceneLighting":true,"audioPlay":false,"sceneViewState":{"m_AlwaysRefresh":false,"showFog":true,"showSkybox":true,"showFlares":true,"showImageEffects":true,"showParticleSystems":true,"showVisualEffectGraphs":true,"m_FxEnabled":true},"in2DMode":false,"pivot":{"x":18.414146423339845,"y":1.837510347366333,"z":55.0386962890625},"rotation":{"x":0.02096535824239254,"y":0.05545927956700325,"z":-0.001166063011623919,"w":0.9982427358627319},"size":35.789886474609378,"orthographic":false}