{"cameraMode":{"drawMode":0,"name":"Shaded","section":"Shading Mode"},"sceneLighting":true,"audioPlay":false,"sceneViewState":{"m_AlwaysRefresh":false,"showFog":true,"showSkybox":true,"showFlares":true,"showImageEffects":true,"showParticleSystems":true,"showVisualEffectGraphs":true,"m_FxEnabled":true},"in2DMode":false,"pivot":{"x":-2.6503489017486574,"y":-8.039101600646973,"z":31.912477493286134},"rotation":{"x":0.14939802885055543,"y":-0.14010241627693177,"z":0.021389443427324296,"w":0.9785706400871277},"size":19.321638107299806,"orthographic":false}